1,1,0.0055248618784530384,RandomParty@3,(Offer  bid:Bid[Pie: a393, ])
1,2,0.0055248618784530384,RandomParty2@4,(Offer  bid:Bid[Pie: a871, ])
1,3,0.0055248618784530384,BoulwareNegotiationParty@5,(Offer  bid:Bid[Price: $3.47, Delivery: 20 days, Payment: Upon delivery, Returns: Full price, ])
2,1,0.011049723756906077,RandomParty@3,(Offer  bid:Bid[Pie: a951, ])
2,2,0.011049723756906077,RandomParty2@4,(Offer  bid:Bid[Pie: a95, ])
2,3,0.011049723756906077,BoulwareNegotiationParty@5,(Offer  bid:Bid[Price: $3.47, Delivery: 20 days, Payment: Upon delivery, Returns: Full price, ])
3,1,0.016574585635359115,RandomParty@3,(Offer  bid:Bid[Pie: a728, ])
3,2,0.016574585635359115,RandomParty2@4,(Offer  bid:Bid[Pie: a703, ])
3,3,0.016574585635359115,BoulwareNegotiationParty@5,(Offer  bid:Bid[Price: $3.47, Delivery: 20 days, Payment: Upon delivery, Returns: Full price, ])
4,1,0.022099447513812154,RandomParty@3,(Offer  bid:Bid[Pie: a293, ])
4,2,0.022099447513812154,RandomParty2@4,(Offer  bid:Bid[Pie: a879, ])
4,3,0.022099447513812154,BoulwareNegotiationParty@5,(Offer  bid:Bid[Price: $3.47, Delivery: 20 days, Payment: Upon delivery, Returns: Full price, ])
5,1,0.027624309392265192,RandomParty@3,(Offer  bid:Bid[Pie: a633, ])
5,2,0.027624309392265192,RandomParty2@4,(Offer  bid:Bid[Pie: a57, ])
5,3,0.027624309392265192,BoulwareNegotiationParty@5,(Offer  bid:Bid[Price: $3.47, Delivery: 20 days, Payment: Upon delivery, Returns: Full price, ])
6,1,0.03314917127071823,RandomParty@3,(Offer  bid:Bid[Pie: a165, ])
6,2,0.03314917127071823,RandomParty2@4,(Offer  bid:Bid[Pie: a773, ])
6,3,0.03314917127071823,BoulwareNegotiationParty@5,(Offer  bid:Bid[Price: $3.47, Delivery: 20 days, Payment: Upon delivery, Returns: Full price, ])
7,1,0.03867403314917127,RandomParty@3,(Offer  bid:Bid[Pie: a476, ])
7,2,0.03867403314917127,RandomParty2@4,(Offer  bid:Bid[Pie: a160, ])
7,3,0.03867403314917127,BoulwareNegotiationParty@5,(Offer  bid:Bid[Price: $3.47, Delivery: 20 days, Payment: Upon delivery, Returns: Full price, ])
8,1,0.04419889502762431,RandomParty@3,(Offer  bid:Bid[Pie: a899, ])
8,2,0.04419889502762431,RandomParty2@4,(Offer  bid:Bid[Pie: a622, ])
8,3,0.04419889502762431,BoulwareNegotiationParty@5,(Offer  bid:Bid[Price: $3.47, Delivery: 20 days, Payment: Upon delivery, Returns: Full price, ])
9,1,0.049723756906077346,RandomParty@3,(Offer  bid:Bid[Pie: a238, ])
9,2,0.049723756906077346,RandomParty2@4,(Offer  bid:Bid[Pie: a808, ])
9,3,0.049723756906077346,BoulwareNegotiationParty@5,(Offer  bid:Bid[Price: $3.47, Delivery: 20 days, Payment: Upon delivery, Returns: Full price, ])
10,1,0.055248618784530384,RandomParty@3,(Offer  bid:Bid[Pie: a509, ])
10,2,0.055248618784530384,RandomParty2@4,(Offer  bid:Bid[Pie: a236, ])
10,3,0.055248618784530384,BoulwareNegotiationParty@5,(Offer  bid:Bid[Price: $3.47, Delivery: 20 days, Payment: Upon delivery, Returns: Full price, ])
11,1,0.06077348066298342,RandomParty@3,(Offer  bid:Bid[Pie: a436, ])
11,2,0.06077348066298342,RandomParty2@4,(Offer  bid:Bid[Pie: a836, ])
11,3,0.06077348066298342,BoulwareNegotiationParty@5,(Offer  bid:Bid[Price: $3.47, Delivery: 20 days, Payment: Upon delivery, Returns: Full price, ])
12,1,0.06629834254143646,RandomParty@3,(Offer  bid:Bid[Pie: a583, ])
12,2,0.06629834254143646,RandomParty2@4,(Offer  bid:Bid[Pie: a724, ])
12,3,0.06629834254143646,BoulwareNegotiationParty@5,(Offer  bid:Bid[Price: $3.47, Delivery: 20 days, Payment: Upon delivery, Returns: Full price, ])
13,1,0.0718232044198895,RandomParty@3,(Offer  bid:Bid[Pie: a187, ])
13,2,0.0718232044198895,RandomParty2@4,(Offer  bid:Bid[Pie: a284, ])
13,3,0.0718232044198895,BoulwareNegotiationParty@5,(Offer  bid:Bid[Price: $3.47, Delivery: 20 days, Payment: Upon delivery, Returns: Full price, ])
14,1,0.07734806629834254,RandomParty@3,(Offer  bid:Bid[Pie: a829, ])
14,2,0.07734806629834254,RandomParty2@4,(Offer  bid:Bid[Pie: a666, ])
14,3,0.07734806629834254,BoulwareNegotiationParty@5,(Offer  bid:Bid[Price: $3.47, Delivery: 20 days, Payment: Upon delivery, Returns: Full price, ])
15,1,0.08287292817679558,RandomParty@3,(Offer  bid:Bid[Pie: a548, ])
15,2,0.08287292817679558,RandomParty2@4,(Offer  bid:Bid[Pie: a784, ])
15,3,0.08287292817679558,BoulwareNegotiationParty@5,(Offer  bid:Bid[Price: $3.47, Delivery: 20 days, Payment: Upon delivery, Returns: Full price, ])
16,1,0.08839779005524862,RandomParty@3,(Offer  bid:Bid[Pie: a133, ])
16,2,0.08839779005524862,RandomParty2@4,(Offer  bid:Bid[Pie: a853, ])
16,3,0.08839779005524862,BoulwareNegotiationParty@5,(Offer  bid:Bid[Price: $3.47, Delivery: 20 days, Payment: Upon delivery, Returns: Full price, ])
17,1,0.09392265193370165,RandomParty@3,(Offer  bid:Bid[Pie: a913, ])
17,2,0.09392265193370165,RandomParty2@4,(Offer  bid:Bid[Pie: a368, ])
17,3,0.09392265193370165,BoulwareNegotiationParty@5,(Offer  bid:Bid[Price: $3.47, Delivery: 20 days, Payment: Upon delivery, Returns: Full price, ])
18,1,0.09944751381215469,RandomParty@3,(Offer  bid:Bid[Pie: a559, ])
18,2,0.09944751381215469,RandomParty2@4,(Offer  bid:Bid[Pie: a321, ])
18,3,0.09944751381215469,BoulwareNegotiationParty@5,(Offer  bid:Bid[Price: $3.47, Delivery: 20 days, Payment: Upon delivery, Returns: Full price, ])
19,1,0.10497237569060773,RandomParty@3,(Offer  bid:Bid[Pie: a503, ])
19,2,0.10497237569060773,RandomParty2@4,(Offer  bid:Bid[Pie: a574, ])
19,3,0.10497237569060773,BoulwareNegotiationParty@5,(Offer  bid:Bid[Price: $3.47, Delivery: 20 days, Payment: Upon delivery, Returns: Full price, ])
20,1,0.11049723756906077,RandomParty@3,(Offer  bid:Bid[Pie: a760, ])
20,2,0.11049723756906077,RandomParty2@4,(Offer  bid:Bid[Pie: a622, ])
20,3,0.11049723756906077,BoulwareNegotiationParty@5,(Offer  bid:Bid[Price: $3.47, Delivery: 20 days, Payment: Upon delivery, Returns: Full price, ])
21,1,0.11602209944751381,RandomParty@3,(Offer  bid:Bid[Pie: a289, ])
21,2,0.11602209944751381,RandomParty2@4,(Offer  bid:Bid[Pie: a242, ])
21,3,0.11602209944751381,BoulwareNegotiationParty@5,(Offer  bid:Bid[Price: $3.47, Delivery: 20 days, Payment: Upon delivery, Returns: Full price, ])
22,1,0.12154696132596685,RandomParty@3,(Offer  bid:Bid[Pie: a522, ])
22,2,0.12154696132596685,RandomParty2@4,(Offer  bid:Bid[Pie: a410, ])
22,3,0.12154696132596685,BoulwareNegotiationParty@5,(Offer  bid:Bid[Price: $3.47, Delivery: 20 days, Payment: Upon delivery, Returns: Full price, ])
23,1,0.1270718232044199,RandomParty@3,(Offer  bid:Bid[Pie: a697, ])
23,2,0.1270718232044199,RandomParty2@4,(Offer  bid:Bid[Pie: a535, ])
23,3,0.1270718232044199,BoulwareNegotiationParty@5,(Offer  bid:Bid[Price: $3.47, Delivery: 20 days, Payment: Upon delivery, Returns: Full price, ])
24,1,0.13259668508287292,RandomParty@3,(Offer  bid:Bid[Pie: a239, ])
24,2,0.13259668508287292,RandomParty2@4,(Offer  bid:Bid[Pie: a507, ])
24,3,0.13259668508287292,BoulwareNegotiationParty@5,(Offer  bid:Bid[Price: $3.47, Delivery: 20 days, Payment: Upon delivery, Returns: Full price, ])
25,1,0.13812154696132597,RandomParty@3,(Offer  bid:Bid[Pie: a221, ])
25,2,0.13812154696132597,RandomParty2@4,(Offer  bid:Bid[Pie: a312, ])
25,3,0.13812154696132597,BoulwareNegotiationParty@5,(Offer  bid:Bid[Price: $3.47, Delivery: 20 days, Payment: Upon delivery, Returns: Full price, ])
26,1,0.143646408839779,RandomParty@3,(Offer  bid:Bid[Pie: a724, ])
26,2,0.143646408839779,RandomParty2@4,(Offer  bid:Bid[Pie: a98, ])
26,3,0.143646408839779,BoulwareNegotiationParty@5,(Offer  bid:Bid[Price: $3.47, Delivery: 20 days, Payment: Upon delivery, Returns: Full price, ])
27,1,0.14917127071823205,RandomParty@3,(Offer  bid:Bid[Pie: a407, ])
27,2,0.14917127071823205,RandomParty2@4,(Offer  bid:Bid[Pie: a808, ])
27,3,0.14917127071823205,BoulwareNegotiationParty@5,(Offer  bid:Bid[Price: $3.47, Delivery: 20 days, Payment: Upon delivery, Returns: Full price, ])
28,1,0.15469613259668508,RandomParty@3,(Offer  bid:Bid[Pie: a459, ])
28,2,0.15469613259668508,RandomParty2@4,(Offer  bid:Bid[Pie: a329, ])
28,3,0.15469613259668508,BoulwareNegotiationParty@5,(Offer  bid:Bid[Price: $3.47, Delivery: 20 days, Payment: Upon delivery, Returns: Full price, ])
29,1,0.16022099447513813,RandomParty@3,(Offer  bid:Bid[Pie: a250, ])
29,2,0.16022099447513813,RandomParty2@4,(Offer  bid:Bid[Pie: a140, ])
29,3,0.16022099447513813,BoulwareNegotiationParty@5,(Offer  bid:Bid[Price: $3.47, Delivery: 20 days, Payment: Upon delivery, Returns: Full price, ])
30,1,0.16574585635359115,RandomParty@3,(Offer  bid:Bid[Pie: a602, ])
30,2,0.16574585635359115,RandomParty2@4,(Offer  bid:Bid[Pie: a479, ])
30,3,0.16574585635359115,BoulwareNegotiationParty@5,(Offer  bid:Bid[Price: $3.47, Delivery: 20 days, Payment: Upon delivery, Returns: Full price, ])
31,1,0.1712707182320442,RandomParty@3,(Offer  bid:Bid[Pie: a420, ])
31,2,0.1712707182320442,RandomParty2@4,(Offer  bid:Bid[Pie: a838, ])
31,3,0.1712707182320442,BoulwareNegotiationParty@5,(Offer  bid:Bid[Price: $3.47, Delivery: 20 days, Payment: Upon delivery, Returns: Full price, ])
32,1,0.17679558011049723,RandomParty@3,(Offer  bid:Bid[Pie: a521, ])
32,2,0.17679558011049723,RandomParty2@4,(Offer  bid:Bid[Pie: a499, ])
32,3,0.17679558011049723,BoulwareNegotiationParty@5,(Offer  bid:Bid[Price: $3.47, Delivery: 20 days, Payment: Upon delivery, Returns: Full price, ])
33,1,0.18232044198895028,RandomParty@3,(Offer  bid:Bid[Pie: a599, ])
33,2,0.18232044198895028,RandomParty2@4,(Offer  bid:Bid[Pie: a729, ])
33,3,0.18232044198895028,BoulwareNegotiationParty@5,(Offer  bid:Bid[Price: $3.47, Delivery: 20 days, Payment: Upon delivery, Returns: Full price, ])
34,1,0.1878453038674033,RandomParty@3,(Offer  bid:Bid[Pie: a662, ])
34,2,0.1878453038674033,RandomParty2@4,(Offer  bid:Bid[Pie: a638, ])
34,3,0.1878453038674033,BoulwareNegotiationParty@5,(Offer  bid:Bid[Price: $3.47, Delivery: 20 days, Payment: Upon delivery, Returns: Full price, ])
35,1,0.19337016574585636,RandomParty@3,(Offer  bid:Bid[Pie: a597, ])
35,2,0.19337016574585636,RandomParty2@4,(Offer  bid:Bid[Pie: a440, ])
35,3,0.19337016574585636,BoulwareNegotiationParty@5,(Offer  bid:Bid[Price: $3.47, Delivery: 20 days, Payment: Upon delivery, Returns: Full price, ])
36,1,0.19889502762430938,RandomParty@3,(Offer  bid:Bid[Pie: a166, ])
36,2,0.19889502762430938,RandomParty2@4,(Offer  bid:Bid[Pie: a501, ])
36,3,0.19889502762430938,BoulwareNegotiationParty@5,(Offer  bid:Bid[Price: $3.47, Delivery: 20 days, Payment: Upon delivery, Returns: Full price, ])
37,1,0.20441988950276244,RandomParty@3,(Offer  bid:Bid[Pie: a288, ])
37,2,0.20441988950276244,RandomParty2@4,(Offer  bid:Bid[Pie: a847, ])
37,3,0.20441988950276244,BoulwareNegotiationParty@5,(Offer  bid:Bid[Price: $3.47, Delivery: 20 days, Payment: Upon delivery, Returns: Full price, ])
38,1,0.20994475138121546,RandomParty@3,(Offer  bid:Bid[Pie: a799, ])
38,2,0.20994475138121546,RandomParty2@4,(Offer  bid:Bid[Pie: a439, ])
38,3,0.20994475138121546,BoulwareNegotiationParty@5,(Offer  bid:Bid[Price: $3.47, Delivery: 20 days, Payment: Upon delivery, Returns: Full price, ])
39,1,0.2154696132596685,RandomParty@3,(Offer  bid:Bid[Pie: a720, ])
39,2,0.2154696132596685,RandomParty2@4,(Offer  bid:Bid[Pie: a342, ])
39,3,0.2154696132596685,BoulwareNegotiationParty@5,(Offer  bid:Bid[Price: $3.47, Delivery: 20 days, Payment: Upon delivery, Returns: Full price, ])
40,1,0.22099447513812154,RandomParty@3,(Offer  bid:Bid[Pie: a503, ])
40,2,0.22099447513812154,RandomParty2@4,(Offer  bid:Bid[Pie: a291, ])
40,3,0.22099447513812154,BoulwareNegotiationParty@5,(Offer  bid:Bid[Price: $3.47, Delivery: 20 days, Payment: Upon delivery, Returns: Full price, ])
41,1,0.2265193370165746,RandomParty@3,(Offer  bid:Bid[Pie: a206, ])
41,2,0.2265193370165746,RandomParty2@4,(Offer  bid:Bid[Pie: a586, ])
41,3,0.2265193370165746,BoulwareNegotiationParty@5,(Offer  bid:Bid[Price: $3.47, Delivery: 20 days, Payment: Upon delivery, Returns: Full price, ])
42,1,0.23204419889502761,RandomParty@3,(Offer  bid:Bid[Pie: a621, ])
42,2,0.23204419889502761,RandomParty2@4,(Offer  bid:Bid[Pie: a177, ])
42,3,0.23204419889502761,BoulwareNegotiationParty@5,(Offer  bid:Bid[Price: $3.47, Delivery: 20 days, Payment: Upon delivery, Returns: Full price, ])
43,1,0.23756906077348067,RandomParty@3,(Offer  bid:Bid[Pie: a573, ])
43,2,0.23756906077348067,RandomParty2@4,(Offer  bid:Bid[Pie: a408, ])
43,3,0.23756906077348067,BoulwareNegotiationParty@5,(Offer  bid:Bid[Price: $3.47, Delivery: 20 days, Payment: Upon delivery, Returns: Full price, ])
44,1,0.2430939226519337,RandomParty@3,(Offer  bid:Bid[Pie: a550, ])
44,2,0.2430939226519337,RandomParty2@4,(Offer  bid:Bid[Pie: a521, ])
44,3,0.2430939226519337,BoulwareNegotiationParty@5,(Offer  bid:Bid[Price: $3.47, Delivery: 20 days, Payment: Upon delivery, Returns: Full price, ])
45,1,0.24861878453038674,RandomParty@3,(Offer  bid:Bid[Pie: a932, ])
45,2,0.24861878453038674,RandomParty2@4,(Offer  bid:Bid[Pie: a588, ])
45,3,0.24861878453038674,BoulwareNegotiationParty@5,(Offer  bid:Bid[Price: $3.47, Delivery: 20 days, Payment: Upon delivery, Returns: Full price, ])
46,1,0.2541436464088398,RandomParty@3,(Offer  bid:Bid[Pie: a618, ])
46,2,0.2541436464088398,RandomParty2@4,(Offer  bid:Bid[Pie: a502, ])
46,3,0.2541436464088398,BoulwareNegotiationParty@5,(Offer  bid:Bid[Price: $3.47, Delivery: 20 days, Payment: Upon delivery, Returns: Full price, ])
47,1,0.2596685082872928,RandomParty@3,(Offer  bid:Bid[Pie: a533, ])
47,2,0.2596685082872928,RandomParty2@4,(Offer  bid:Bid[Pie: a478, ])
47,3,0.2596685082872928,BoulwareNegotiationParty@5,(Offer  bid:Bid[Price: $3.47, Delivery: 20 days, Payment: Upon delivery, Returns: Full price, ])
48,1,0.26519337016574585,RandomParty@3,(Offer  bid:Bid[Pie: a969, ])
48,2,0.26519337016574585,RandomParty2@4,(Offer  bid:Bid[Pie: a261, ])
48,3,0.26519337016574585,BoulwareNegotiationParty@5,(Offer  bid:Bid[Price: $3.47, Delivery: 20 days, Payment: Upon delivery, Returns: Full price, ])
49,1,0.27071823204419887,RandomParty@3,(Offer  bid:Bid[Pie: a942, ])
49,2,0.27071823204419887,RandomParty2@4,(Offer  bid:Bid[Pie: a461, ])
49,3,0.27071823204419887,BoulwareNegotiationParty@5,(Offer  bid:Bid[Price: $3.47, Delivery: 20 days, Payment: Upon delivery, Returns: Full price, ])
50,1,0.27624309392265195,RandomParty@3,(Offer  bid:Bid[Pie: a662, ])
50,2,0.27624309392265195,RandomParty2@4,(Offer  bid:Bid[Pie: a72, ])
50,3,0.27624309392265195,BoulwareNegotiationParty@5,(Offer  bid:Bid[Price: $3.47, Delivery: 20 days, Payment: Upon delivery, Returns: Full price, ])
51,1,0.281767955801105,RandomParty@3,(Offer  bid:Bid[Pie: a453, ])
51,2,0.281767955801105,RandomParty2@4,(Offer  bid:Bid[Pie: a558, ])
51,3,0.281767955801105,BoulwareNegotiationParty@5,(Offer  bid:Bid[Price: $3.47, Delivery: 20 days, Payment: Upon delivery, Returns: Full price, ])
52,1,0.287292817679558,RandomParty@3,(Offer  bid:Bid[Pie: a552, ])
52,2,0.287292817679558,RandomParty2@4,(Offer  bid:Bid[Pie: a92, ])
52,3,0.287292817679558,BoulwareNegotiationParty@5,(Offer  bid:Bid[Price: $3.47, Delivery: 20 days, Payment: Upon delivery, Returns: Full price, ])
53,1,0.292817679558011,RandomParty@3,(Offer  bid:Bid[Pie: a299, ])
53,2,0.292817679558011,RandomParty2@4,(Offer  bid:Bid[Pie: a666, ])
53,3,0.292817679558011,BoulwareNegotiationParty@5,(Offer  bid:Bid[Price: $3.47, Delivery: 20 days, Payment: Upon delivery, Returns: Full price, ])
54,1,0.2983425414364641,RandomParty@3,(Offer  bid:Bid[Pie: a745, ])
54,2,0.2983425414364641,RandomParty2@4,(Offer  bid:Bid[Pie: a373, ])
54,3,0.2983425414364641,BoulwareNegotiationParty@5,(Offer  bid:Bid[Price: $3.47, Delivery: 20 days, Payment: Upon delivery, Returns: Full price, ])
55,1,0.30386740331491713,RandomParty@3,(Offer  bid:Bid[Pie: a983, ])
55,2,0.30386740331491713,RandomParty2@4,(Offer  bid:Bid[Pie: a724, ])
55,3,0.30386740331491713,BoulwareNegotiationParty@5,(Offer  bid:Bid[Price: $3.47, Delivery: 20 days, Payment: Upon delivery, Returns: Full price, ])
56,1,0.30939226519337015,RandomParty@3,(Offer  bid:Bid[Pie: a609, ])
56,2,0.30939226519337015,RandomParty2@4,(Offer  bid:Bid[Pie: a444, ])
56,3,0.30939226519337015,BoulwareNegotiationParty@5,(Offer  bid:Bid[Price: $3.47, Delivery: 20 days, Payment: Upon delivery, Returns: Full price, ])
57,1,0.3149171270718232,RandomParty@3,(Offer  bid:Bid[Pie: a234, ])
57,2,0.3149171270718232,RandomParty2@4,(Offer  bid:Bid[Pie: a496, ])
57,3,0.3149171270718232,BoulwareNegotiationParty@5,(Offer  bid:Bid[Price: $3.47, Delivery: 20 days, Payment: Upon delivery, Returns: Full price, ])
58,1,0.32044198895027626,RandomParty@3,(Offer  bid:Bid[Pie: a356, ])
58,2,0.32044198895027626,RandomParty2@4,(Offer  bid:Bid[Pie: a588, ])
58,3,0.32044198895027626,BoulwareNegotiationParty@5,(Offer  bid:Bid[Price: $3.47, Delivery: 20 days, Payment: Upon delivery, Returns: Full price, ])
59,1,0.3259668508287293,RandomParty@3,(Offer  bid:Bid[Pie: a177, ])
59,2,0.3259668508287293,RandomParty2@4,(Offer  bid:Bid[Pie: a876, ])
59,3,0.3259668508287293,BoulwareNegotiationParty@5,(Offer  bid:Bid[Price: $3.47, Delivery: 20 days, Payment: Upon delivery, Returns: Full price, ])
60,1,0.3314917127071823,RandomParty@3,(Offer  bid:Bid[Pie: a141, ])
60,2,0.3314917127071823,RandomParty2@4,(Offer  bid:Bid[Pie: a348, ])
60,3,0.3314917127071823,BoulwareNegotiationParty@5,(Offer  bid:Bid[Price: $3.47, Delivery: 20 days, Payment: Upon delivery, Returns: Full price, ])
61,1,0.3370165745856354,RandomParty@3,(Offer  bid:Bid[Pie: a690, ])
61,2,0.3370165745856354,RandomParty2@4,(Offer  bid:Bid[Pie: a337, ])
61,3,0.3370165745856354,BoulwareNegotiationParty@5,(Offer  bid:Bid[Price: $3.47, Delivery: 20 days, Payment: Upon delivery, Returns: Full price, ])
62,1,0.3425414364640884,RandomParty@3,(Offer  bid:Bid[Pie: a909, ])
62,2,0.3425414364640884,RandomParty2@4,(Offer  bid:Bid[Pie: a212, ])
62,3,0.3425414364640884,BoulwareNegotiationParty@5,(Offer  bid:Bid[Price: $3.47, Delivery: 20 days, Payment: Upon delivery, Returns: Full price, ])
63,1,0.34806629834254144,RandomParty@3,(Offer  bid:Bid[Pie: a553, ])
63,2,0.34806629834254144,RandomParty2@4,(Offer  bid:Bid[Pie: a97, ])
63,3,0.34806629834254144,BoulwareNegotiationParty@5,(Offer  bid:Bid[Price: $3.47, Delivery: 20 days, Payment: Upon delivery, Returns: Full price, ])
64,1,0.35359116022099446,RandomParty@3,(Offer  bid:Bid[Pie: a406, ])
64,2,0.35359116022099446,RandomParty2@4,(Offer  bid:Bid[Pie: a842, ])
64,3,0.35359116022099446,BoulwareNegotiationParty@5,(Offer  bid:Bid[Price: $3.47, Delivery: 20 days, Payment: Upon delivery, Returns: Full price, ])
65,1,0.35911602209944754,RandomParty@3,(Offer  bid:Bid[Pie: a485, ])
65,2,0.35911602209944754,RandomParty2@4,(Offer  bid:Bid[Pie: a439, ])
65,3,0.35911602209944754,BoulwareNegotiationParty@5,(Offer  bid:Bid[Price: $3.47, Delivery: 20 days, Payment: Upon delivery, Returns: Full price, ])
66,1,0.36464088397790057,RandomParty@3,(Offer  bid:Bid[Pie: a993, ])
66,2,0.36464088397790057,RandomParty2@4,(Offer  bid:Bid[Pie: a413, ])
66,3,0.36464088397790057,BoulwareNegotiationParty@5,(Offer  bid:Bid[Price: $3.47, Delivery: 20 days, Payment: Upon delivery, Returns: Full price, ])
67,1,0.3701657458563536,RandomParty@3,(Offer  bid:Bid[Pie: a147, ])
67,2,0.3701657458563536,RandomParty2@4,(Offer  bid:Bid[Pie: a280, ])
67,3,0.3701657458563536,BoulwareNegotiationParty@5,(Offer  bid:Bid[Price: $3.47, Delivery: 20 days, Payment: Upon delivery, Returns: Full price, ])
68,1,0.3756906077348066,RandomParty@3,(Offer  bid:Bid[Pie: a503, ])
68,2,0.3756906077348066,RandomParty2@4,(Offer  bid:Bid[Pie: a710, ])
68,3,0.3756906077348066,BoulwareNegotiationParty@5,(Offer  bid:Bid[Price: $3.47, Delivery: 20 days, Payment: Upon delivery, Returns: Full price, ])
69,1,0.3812154696132597,RandomParty@3,(Offer  bid:Bid[Pie: a298, ])
69,2,0.3812154696132597,RandomParty2@4,(Offer  bid:Bid[Pie: a415, ])
69,3,0.3812154696132597,BoulwareNegotiationParty@5,(Offer  bid:Bid[Price: $3.47, Delivery: 20 days, Payment: Upon delivery, Returns: Full price, ])
70,1,0.3867403314917127,RandomParty@3,(Offer  bid:Bid[Pie: a947, ])
70,2,0.3867403314917127,RandomParty2@4,(Offer  bid:Bid[Pie: a205, ])
70,3,0.3867403314917127,BoulwareNegotiationParty@5,(Offer  bid:Bid[Price: $3.47, Delivery: 20 days, Payment: Upon delivery, Returns: Full price, ])
71,1,0.39226519337016574,RandomParty@3,(Offer  bid:Bid[Pie: a962, ])
71,2,0.39226519337016574,RandomParty2@4,(Offer  bid:Bid[Pie: a340, ])
71,3,0.39226519337016574,BoulwareNegotiationParty@5,(Offer  bid:Bid[Price: $3.47, Delivery: 20 days, Payment: Upon delivery, Returns: Full price, ])
72,1,0.39779005524861877,RandomParty@3,(Offer  bid:Bid[Pie: a152, ])
72,2,0.39779005524861877,RandomParty2@4,(Offer  bid:Bid[Pie: a93, ])
72,3,0.39779005524861877,BoulwareNegotiationParty@5,(Offer  bid:Bid[Price: $3.47, Delivery: 20 days, Payment: Upon delivery, Returns: Full price, ])
73,1,0.40331491712707185,RandomParty@3,(Offer  bid:Bid[Pie: a534, ])
73,2,0.40331491712707185,RandomParty2@4,(Offer  bid:Bid[Pie: a841, ])
73,3,0.40331491712707185,BoulwareNegotiationParty@5,(Offer  bid:Bid[Price: $3.47, Delivery: 20 days, Payment: Upon delivery, Returns: Full price, ])
74,1,0.4088397790055249,RandomParty@3,(Offer  bid:Bid[Pie: a458, ])
74,2,0.4088397790055249,RandomParty2@4,(Offer  bid:Bid[Pie: a268, ])
74,3,0.4088397790055249,BoulwareNegotiationParty@5,(Offer  bid:Bid[Price: $3.47, Delivery: 20 days, Payment: Upon delivery, Returns: Full price, ])
75,1,0.4143646408839779,RandomParty@3,(Offer  bid:Bid[Pie: a934, ])
75,2,0.4143646408839779,RandomParty2@4,(Offer  bid:Bid[Pie: a127, ])
75,3,0.4143646408839779,BoulwareNegotiationParty@5,(Offer  bid:Bid[Price: $3.47, Delivery: 20 days, Payment: Upon delivery, Returns: Full price, ])
76,1,0.4198895027624309,RandomParty@3,(Offer  bid:Bid[Pie: a523, ])
76,2,0.4198895027624309,RandomParty2@4,(Offer  bid:Bid[Pie: a144, ])
76,3,0.4198895027624309,BoulwareNegotiationParty@5,(Offer  bid:Bid[Price: $3.47, Delivery: 20 days, Payment: Upon delivery, Returns: Full price, ])
77,1,0.425414364640884,RandomParty@3,(Offer  bid:Bid[Pie: a912, ])
77,2,0.425414364640884,RandomParty2@4,(Offer  bid:Bid[Pie: a397, ])
77,3,0.425414364640884,BoulwareNegotiationParty@5,(Offer  bid:Bid[Price: $3.47, Delivery: 20 days, Payment: Upon delivery, Returns: Full price, ])
78,1,0.430939226519337,RandomParty@3,(Offer  bid:Bid[Pie: a544, ])
78,2,0.430939226519337,RandomParty2@4,(Offer  bid:Bid[Pie: a474, ])
78,3,0.430939226519337,BoulwareNegotiationParty@5,(Offer  bid:Bid[Price: $3.47, Delivery: 20 days, Payment: Upon delivery, Returns: Full price, ])
79,1,0.43646408839779005,RandomParty@3,(Offer  bid:Bid[Pie: a379, ])
79,2,0.43646408839779005,RandomParty2@4,(Offer  bid:Bid[Pie: a593, ])
79,3,0.43646408839779005,BoulwareNegotiationParty@5,(Offer  bid:Bid[Price: $3.47, Delivery: 30 days, Payment: Upon delivery, Returns: Full price, ])
80,1,0.4419889502762431,RandomParty@3,(Offer  bid:Bid[Pie: a288, ])
80,2,0.4419889502762431,RandomParty2@4,(Offer  bid:Bid[Pie: a708, ])
80,3,0.4419889502762431,BoulwareNegotiationParty@5,(Offer  bid:Bid[Price: $3.47, Delivery: 30 days, Payment: Upon delivery, Returns: Full price, ])
81,1,0.44751381215469616,RandomParty@3,(Offer  bid:Bid[Pie: a182, ])
81,2,0.44751381215469616,RandomParty2@4,(Offer  bid:Bid[Pie: a276, ])
81,3,0.44751381215469616,BoulwareNegotiationParty@5,(Offer  bid:Bid[Price: $3.47, Delivery: 30 days, Payment: Upon delivery, Returns: Full price, ])
82,1,0.4530386740331492,RandomParty@3,(Offer  bid:Bid[Pie: a997, ])
82,2,0.4530386740331492,RandomParty2@4,(Offer  bid:Bid[Pie: a742, ])
82,3,0.4530386740331492,BoulwareNegotiationParty@5,(Offer  bid:Bid[Price: $3.47, Delivery: 30 days, Payment: Upon delivery, Returns: Full price, ])
83,1,0.4585635359116022,RandomParty@3,(Offer  bid:Bid[Pie: a717, ])
83,2,0.4585635359116022,RandomParty2@4,(Offer  bid:Bid[Pie: a582, ])
83,3,0.4585635359116022,BoulwareNegotiationParty@5,(Offer  bid:Bid[Price: $3.47, Delivery: 30 days, Payment: Upon delivery, Returns: Full price, ])
84,1,0.46408839779005523,RandomParty@3,(Offer  bid:Bid[Pie: a210, ])
84,2,0.46408839779005523,RandomParty2@4,(Offer  bid:Bid[Pie: a792, ])
84,3,0.46408839779005523,BoulwareNegotiationParty@5,(Offer  bid:Bid[Price: $3.47, Delivery: 30 days, Payment: Upon delivery, Returns: Full price, ])
85,1,0.4696132596685083,RandomParty@3,(Offer  bid:Bid[Pie: a577, ])
85,2,0.4696132596685083,RandomParty2@4,(Offer  bid:Bid[Pie: a265, ])
85,3,0.4696132596685083,BoulwareNegotiationParty@5,(Offer  bid:Bid[Price: $3.47, Delivery: 30 days, Payment: Upon delivery, Returns: Full price, ])
86,1,0.47513812154696133,RandomParty@3,(Offer  bid:Bid[Pie: a709, ])
86,2,0.47513812154696133,RandomParty2@4,(Offer  bid:Bid[Pie: a599, ])
86,3,0.47513812154696133,BoulwareNegotiationParty@5,(Offer  bid:Bid[Price: $3.47, Delivery: 30 days, Payment: Upon delivery, Returns: Full price, ])
87,1,0.48066298342541436,RandomParty@3,(Offer  bid:Bid[Pie: a509, ])
87,2,0.48066298342541436,RandomParty2@4,(Offer  bid:Bid[Pie: a188, ])
87,3,0.48066298342541436,BoulwareNegotiationParty@5,(Offer  bid:Bid[Price: $3.47, Delivery: 30 days, Payment: Upon delivery, Returns: Full price, ])
88,1,0.4861878453038674,RandomParty@3,(Offer  bid:Bid[Pie: a606, ])
88,2,0.4861878453038674,RandomParty2@4,(Offer  bid:Bid[Pie: a668, ])
88,3,0.4861878453038674,BoulwareNegotiationParty@5,(Offer  bid:Bid[Price: $3.47, Delivery: 30 days, Payment: Upon delivery, Returns: Full price, ])
89,1,0.49171270718232046,RandomParty@3,(Offer  bid:Bid[Pie: a619, ])
89,2,0.49171270718232046,RandomParty2@4,(Offer  bid:Bid[Pie: a621, ])
89,3,0.49171270718232046,BoulwareNegotiationParty@5,(Offer  bid:Bid[Price: $3.47, Delivery: 30 days, Payment: Upon delivery, Returns: Full price, ])
90,1,0.4972375690607735,RandomParty@3,(Offer  bid:Bid[Pie: a298, ])
90,2,0.4972375690607735,RandomParty2@4,(Offer  bid:Bid[Pie: a261, ])
90,3,0.4972375690607735,BoulwareNegotiationParty@5,(Offer  bid:Bid[Price: $3.47, Delivery: 30 days, Payment: Upon delivery, Returns: Full price, ])
91,1,0.5027624309392266,RandomParty@3,(Offer  bid:Bid[Pie: a458, ])
91,2,0.5027624309392266,RandomParty2@4,(Offer  bid:Bid[Pie: a735, ])
91,3,0.5027624309392266,BoulwareNegotiationParty@5,(Offer  bid:Bid[Price: $3.47, Delivery: 30 days, Payment: Upon delivery, Returns: Full price, ])
92,1,0.5082872928176796,RandomParty@3,(Offer  bid:Bid[Pie: a482, ])
92,2,0.5082872928176796,RandomParty2@4,(Offer  bid:Bid[Pie: a835, ])
92,3,0.5082872928176796,BoulwareNegotiationParty@5,(Offer  bid:Bid[Price: $3.47, Delivery: 30 days, Payment: Upon delivery, Returns: Full price, ])
93,1,0.5138121546961326,RandomParty@3,(Offer  bid:Bid[Pie: a327, ])
93,2,0.5138121546961326,RandomParty2@4,(Offer  bid:Bid[Pie: a92, ])
93,3,0.5138121546961326,BoulwareNegotiationParty@5,(Offer  bid:Bid[Price: $3.47, Delivery: 30 days, Payment: Upon delivery, Returns: Full price, ])
94,1,0.5193370165745856,RandomParty@3,(Offer  bid:Bid[Pie: a985, ])
94,2,0.5193370165745856,RandomParty2@4,(Offer  bid:Bid[Pie: a233, ])
94,3,0.5193370165745856,BoulwareNegotiationParty@5,(Offer  bid:Bid[Price: $3.47, Delivery: 30 days, Payment: Upon delivery, Returns: Full price, ])
95,1,0.5248618784530387,RandomParty@3,(Offer  bid:Bid[Pie: a474, ])
95,2,0.5248618784530387,RandomParty2@4,(Offer  bid:Bid[Pie: a228, ])
95,3,0.5248618784530387,BoulwareNegotiationParty@5,(Offer  bid:Bid[Price: $3.47, Delivery: 30 days, Payment: Upon delivery, Returns: Full price, ])
96,1,0.5303867403314917,RandomParty@3,(Offer  bid:Bid[Pie: a702, ])
96,2,0.5303867403314917,RandomParty2@4,(Offer  bid:Bid[Pie: a573, ])
96,3,0.5303867403314917,BoulwareNegotiationParty@5,(Offer  bid:Bid[Price: $3.47, Delivery: 30 days, Payment: Upon delivery, Returns: Full price, ])
97,1,0.5359116022099447,RandomParty@3,(Offer  bid:Bid[Pie: a975, ])
97,2,0.5359116022099447,RandomParty2@4,(Offer  bid:Bid[Pie: a864, ])
97,3,0.5359116022099447,BoulwareNegotiationParty@5,(Offer  bid:Bid[Price: $3.47, Delivery: 30 days, Payment: Upon delivery, Returns: Full price, ])
98,1,0.5414364640883977,RandomParty@3,(Offer  bid:Bid[Pie: a801, ])
98,2,0.5414364640883977,RandomParty2@4,(Offer  bid:Bid[Pie: a45, ])
98,3,0.5414364640883977,BoulwareNegotiationParty@5,(Offer  bid:Bid[Price: $3.47, Delivery: 30 days, Payment: Upon delivery, Returns: Full price, ])
99,1,0.5469613259668509,RandomParty@3,(Offer  bid:Bid[Pie: a636, ])
99,2,0.5469613259668509,RandomParty2@4,(Offer  bid:Bid[Pie: a150, ])
99,3,0.5469613259668509,BoulwareNegotiationParty@5,(Offer  bid:Bid[Price: $3.47, Delivery: 30 days, Payment: Upon delivery, Returns: Full price, ])
100,1,0.5524861878453039,RandomParty@3,(Offer  bid:Bid[Pie: a349, ])
100,2,0.5524861878453039,RandomParty2@4,(Offer  bid:Bid[Pie: a91, ])
100,3,0.5524861878453039,BoulwareNegotiationParty@5,(Offer  bid:Bid[Price: $3.47, Delivery: 30 days, Payment: Upon delivery, Returns: Full price, ])
101,1,0.5580110497237569,RandomParty@3,(Offer  bid:Bid[Pie: a236, ])
101,2,0.5580110497237569,RandomParty2@4,(Offer  bid:Bid[Pie: a155, ])
101,3,0.5580110497237569,BoulwareNegotiationParty@5,(Offer  bid:Bid[Price: $3.47, Delivery: 45 days, Payment: Upon delivery, Returns: Full price, ])
102,1,0.56353591160221,RandomParty@3,(Offer  bid:Bid[Pie: a570, ])
102,2,0.56353591160221,RandomParty2@4,(Offer  bid:Bid[Pie: a192, ])
102,3,0.56353591160221,BoulwareNegotiationParty@5,(Offer  bid:Bid[Price: $3.47, Delivery: 45 days, Payment: Upon delivery, Returns: Full price, ])
103,1,0.569060773480663,RandomParty@3,(Offer  bid:Bid[Pie: a252, ])
103,2,0.569060773480663,RandomParty2@4,(Offer  bid:Bid[Pie: a38, ])
103,3,0.569060773480663,BoulwareNegotiationParty@5,(Offer  bid:Bid[Price: $3.47, Delivery: 45 days, Payment: Upon delivery, Returns: Full price, ])
104,1,0.574585635359116,RandomParty@3,(Offer  bid:Bid[Pie: a214, ])
104,2,0.574585635359116,RandomParty2@4,(Offer  bid:Bid[Pie: a323, ])
104,3,0.574585635359116,BoulwareNegotiationParty@5,(Offer  bid:Bid[Price: $3.47, Delivery: 45 days, Payment: Upon delivery, Returns: Full price, ])
105,1,0.580110497237569,RandomParty@3,(Offer  bid:Bid[Pie: a730, ])
105,2,0.580110497237569,RandomParty2@4,(Offer  bid:Bid[Pie: a342, ])
105,3,0.580110497237569,BoulwareNegotiationParty@5,(Offer  bid:Bid[Price: $3.47, Delivery: 45 days, Payment: Upon delivery, Returns: Full price, ])
106,1,0.585635359116022,RandomParty@3,(Offer  bid:Bid[Pie: a713, ])
106,2,0.585635359116022,RandomParty2@4,(Offer  bid:Bid[Pie: a543, ])
106,3,0.585635359116022,BoulwareNegotiationParty@5,(Offer  bid:Bid[Price: $3.47, Delivery: 45 days, Payment: Upon delivery, Returns: Full price, ])
107,1,0.5911602209944752,RandomParty@3,(Offer  bid:Bid[Pie: a310, ])
107,2,0.5911602209944752,RandomParty2@4,(Offer  bid:Bid[Pie: a726, ])
107,3,0.5911602209944752,BoulwareNegotiationParty@5,(Offer  bid:Bid[Price: $3.47, Delivery: 45 days, Payment: Upon delivery, Returns: Full price, ])
108,1,0.5966850828729282,RandomParty@3,(Offer  bid:Bid[Pie: a223, ])
108,2,0.5966850828729282,RandomParty2@4,(Offer  bid:Bid[Pie: a638, ])
108,3,0.5966850828729282,BoulwareNegotiationParty@5,(Offer  bid:Bid[Price: $3.47, Delivery: 45 days, Payment: Upon delivery, Returns: Full price, ])
109,1,0.6022099447513812,RandomParty@3,(Offer  bid:Bid[Pie: a266, ])
109,2,0.6022099447513812,RandomParty2@4,(Offer  bid:Bid[Pie: a509, ])
109,3,0.6022099447513812,BoulwareNegotiationParty@5,(Offer  bid:Bid[Price: $3.47, Delivery: 45 days, Payment: Upon delivery, Returns: Full price, ])
110,1,0.6077348066298343,RandomParty@3,(Offer  bid:Bid[Pie: a346, ])
110,2,0.6077348066298343,RandomParty2@4,(Offer  bid:Bid[Pie: a571, ])
110,3,0.6077348066298343,BoulwareNegotiationParty@5,(Offer  bid:Bid[Price: $3.71, Delivery: 20 days, Payment: Upon delivery, Returns: Full price, ])
111,1,0.6132596685082873,RandomParty@3,(Offer  bid:Bid[Pie: a236, ])
111,2,0.6132596685082873,RandomParty2@4,(Offer  bid:Bid[Pie: a694, ])
111,3,0.6132596685082873,BoulwareNegotiationParty@5,(Offer  bid:Bid[Price: $3.71, Delivery: 20 days, Payment: Upon delivery, Returns: Full price, ])
112,1,0.6187845303867403,RandomParty@3,(Offer  bid:Bid[Pie: a955, ])
112,2,0.6187845303867403,RandomParty2@4,(Offer  bid:Bid[Pie: a770, ])
112,3,0.6187845303867403,BoulwareNegotiationParty@5,(Offer  bid:Bid[Price: $3.71, Delivery: 20 days, Payment: Upon delivery, Returns: Full price, ])
113,1,0.6243093922651933,RandomParty@3,(Offer  bid:Bid[Pie: a941, ])
113,2,0.6243093922651933,RandomParty2@4,(Offer  bid:Bid[Pie: a283, ])
113,3,0.6243093922651933,BoulwareNegotiationParty@5,(Offer  bid:Bid[Price: $3.71, Delivery: 20 days, Payment: Upon delivery, Returns: Full price, ])
114,1,0.6298342541436464,RandomParty@3,(Offer  bid:Bid[Pie: a890, ])
114,2,0.6298342541436464,RandomParty2@4,(Offer  bid:Bid[Pie: a819, ])
114,3,0.6298342541436464,BoulwareNegotiationParty@5,(Offer  bid:Bid[Price: $3.47, Delivery: 20 days, Payment: 30 days after delivery, Returns: Full price, ])
115,1,0.6353591160220995,RandomParty@3,(Offer  bid:Bid[Pie: a109, ])
115,2,0.6353591160220995,RandomParty2@4,(Offer  bid:Bid[Pie: a132, ])
115,3,0.6353591160220995,BoulwareNegotiationParty@5,(Offer  bid:Bid[Price: $3.47, Delivery: 20 days, Payment: 30 days after delivery, Returns: Full price, ])
116,1,0.6408839779005525,RandomParty@3,(Offer  bid:Bid[Pie: a160, ])
116,2,0.6408839779005525,RandomParty2@4,(Offer  bid:Bid[Pie: a64, ])
116,3,0.6408839779005525,BoulwareNegotiationParty@5,(Offer  bid:Bid[Price: $3.47, Delivery: 20 days, Payment: 30 days after delivery, Returns: Full price, ])
117,1,0.6464088397790055,RandomParty@3,(Offer  bid:Bid[Pie: a954, ])
117,2,0.6464088397790055,RandomParty2@4,(Offer  bid:Bid[Pie: a176, ])
117,3,0.6464088397790055,BoulwareNegotiationParty@5,(Offer  bid:Bid[Price: $3.47, Delivery: 20 days, Payment: 30 days after delivery, Returns: Full price, ])
118,1,0.6519337016574586,RandomParty@3,(Offer  bid:Bid[Pie: a202, ])
118,2,0.6519337016574586,RandomParty2@4,(Offer  bid:Bid[Pie: a743, ])
118,3,0.6519337016574586,BoulwareNegotiationParty@5,(Offer  bid:Bid[Price: $3.71, Delivery: 30 days, Payment: Upon delivery, Returns: Full price, ])
119,1,0.6574585635359116,RandomParty@3,(Offer  bid:Bid[Pie: a957, ])
119,2,0.6574585635359116,RandomParty2@4,(Offer  bid:Bid[Pie: a305, ])
119,3,0.6574585635359116,BoulwareNegotiationParty@5,(Offer  bid:Bid[Price: $3.47, Delivery: 60 days, Payment: Upon delivery, Returns: Full price, ])
120,1,0.6629834254143646,RandomParty@3,(Offer  bid:Bid[Pie: a694, ])
120,2,0.6629834254143646,RandomParty2@4,(Offer  bid:Bid[Pie: a648, ])
120,3,0.6629834254143646,BoulwareNegotiationParty@5,(Offer  bid:Bid[Price: $3.47, Delivery: 60 days, Payment: Upon delivery, Returns: Full price, ])
121,1,0.6685082872928176,RandomParty@3,(Offer  bid:Bid[Pie: a682, ])
121,2,0.6685082872928176,RandomParty2@4,(Offer  bid:Bid[Pie: a366, ])
121,3,0.6685082872928176,BoulwareNegotiationParty@5,(Offer  bid:Bid[Price: $3.47, Delivery: 30 days, Payment: 30 days after delivery, Returns: Full price, ])
122,1,0.6740331491712708,RandomParty@3,(Offer  bid:Bid[Pie: a102, ])
122,2,0.6740331491712708,RandomParty2@4,(Offer  bid:Bid[Pie: a697, ])
122,3,0.6740331491712708,BoulwareNegotiationParty@5,(Offer  bid:Bid[Price: $3.47, Delivery: 30 days, Payment: 30 days after delivery, Returns: Full price, ])
123,1,0.6795580110497238,RandomParty@3,(Offer  bid:Bid[Pie: a803, ])
123,2,0.6795580110497238,RandomParty2@4,(Offer  bid:Bid[Pie: a890, ])
123,3,0.6795580110497238,BoulwareNegotiationParty@5,(Offer  bid:Bid[Price: $3.47, Delivery: 30 days, Payment: 30 days after delivery, Returns: Full price, ])
124,1,0.6850828729281768,RandomParty@3,(Offer  bid:Bid[Pie: a378, ])
124,2,0.6850828729281768,RandomParty2@4,(Offer  bid:Bid[Pie: a882, ])
124,3,0.6850828729281768,BoulwareNegotiationParty@5,(Offer  bid:Bid[Price: $3.47, Delivery: 20 days, Payment: Upon delivery, Returns: 5% spoilage allowed, ])
125,1,0.6906077348066298,RandomParty@3,(Offer  bid:Bid[Pie: a870, ])
125,2,0.6906077348066298,RandomParty2@4,(Offer  bid:Bid[Pie: a517, ])
125,3,0.6906077348066298,BoulwareNegotiationParty@5,(Offer  bid:Bid[Price: $3.47, Delivery: 20 days, Payment: Upon delivery, Returns: 5% spoilage allowed, ])
126,1,0.6961325966850829,RandomParty@3,(Offer  bid:Bid[Pie: a845, ])
126,2,0.6961325966850829,RandomParty2@4,(Offer  bid:Bid[Pie: a212, ])
126,3,0.6961325966850829,BoulwareNegotiationParty@5,(Offer  bid:Bid[Price: $3.71, Delivery: 45 days, Payment: Upon delivery, Returns: Full price, ])
127,1,0.7016574585635359,RandomParty@3,(Offer  bid:Bid[Pie: a537, ])
127,2,0.7016574585635359,RandomParty2@4,(Offer  bid:Bid[Pie: a574, ])
127,3,0.7016574585635359,BoulwareNegotiationParty@5,(Offer  bid:Bid[Price: $3.47, Delivery: 20 days, Payment: 60 days after delivery, Returns: Full price, ])
128,1,0.7071823204419889,RandomParty@3,(Offer  bid:Bid[Pie: a312, ])
128,2,0.7071823204419889,RandomParty2@4,(Offer  bid:Bid[Pie: a555, ])
128,3,0.7071823204419889,BoulwareNegotiationParty@5,(Offer  bid:Bid[Price: $3.47, Delivery: 20 days, Payment: 60 days after delivery, Returns: Full price, ])
129,1,0.712707182320442,RandomParty@3,(Offer  bid:Bid[Pie: a362, ])
129,2,0.712707182320442,RandomParty2@4,(Offer  bid:Bid[Pie: a590, ])
129,3,0.712707182320442,BoulwareNegotiationParty@5,(Offer  bid:Bid[Price: $3.98, Delivery: 20 days, Payment: Upon delivery, Returns: Full price, ])
130,1,0.7182320441988951,RandomParty@3,(Offer  bid:Bid[Pie: a827, ])
130,2,0.7182320441988951,RandomParty2@4,(Offer  bid:Bid[Pie: a340, ])
130,3,0.7182320441988951,BoulwareNegotiationParty@5,(Offer  bid:Bid[Price: $3.47, Delivery: 45 days, Payment: 30 days after delivery, Returns: Full price, ])
131,1,0.7237569060773481,RandomParty@3,(Offer  bid:Bid[Pie: a829, ])
131,2,0.7237569060773481,RandomParty2@4,(Offer  bid:Bid[Pie: a393, ])
131,3,0.7237569060773481,BoulwareNegotiationParty@5,(Offer  bid:Bid[Price: $3.71, Delivery: 20 days, Payment: 30 days after delivery, Returns: Full price, ])
132,1,0.7292817679558011,RandomParty@3,(Offer  bid:Bid[Pie: a240, ])
132,2,0.7292817679558011,RandomParty2@4,(Offer  bid:Bid[Pie: a803, ])
132,3,0.7292817679558011,BoulwareNegotiationParty@5,(Offer  bid:Bid[Price: $3.71, Delivery: 60 days, Payment: Upon delivery, Returns: Full price, ])
133,1,0.7348066298342542,RandomParty@3,(Offer  bid:Bid[Pie: a773, ])
133,2,0.7348066298342542,RandomParty2@4,(Offer  bid:Bid[Pie: a451, ])
133,3,0.7348066298342542,BoulwareNegotiationParty@5,(Offer  bid:Bid[Price: $3.98, Delivery: 30 days, Payment: Upon delivery, Returns: Full price, ])
134,1,0.7403314917127072,RandomParty@3,(Offer  bid:Bid[Pie: a983, ])
134,2,0.7403314917127072,RandomParty2@4,(Offer  bid:Bid[Pie: a280, ])
134,3,0.7403314917127072,BoulwareNegotiationParty@5,(Offer  bid:Bid[Price: $3.71, Delivery: 30 days, Payment: 30 days after delivery, Returns: Full price, ])
135,1,0.7458563535911602,RandomParty@3,(Offer  bid:Bid[Pie: a267, ])
135,2,0.7458563535911602,RandomParty2@4,(Offer  bid:Bid[Pie: a110, ])
135,3,0.7458563535911602,BoulwareNegotiationParty@5,(Offer  bid:Bid[Price: $3.47, Delivery: 45 days, Payment: Upon delivery, Returns: 5% spoilage allowed, ])
136,1,0.7513812154696132,RandomParty@3,(Offer  bid:Bid[Pie: a894, ])
136,2,0.7513812154696132,RandomParty2@4,(Offer  bid:Bid[Pie: a406, ])
136,3,0.7513812154696132,BoulwareNegotiationParty@5,(Offer  bid:Bid[Price: $3.71, Delivery: 20 days, Payment: Upon delivery, Returns: 5% spoilage allowed, ])
137,1,0.7569060773480663,RandomParty@3,(Offer  bid:Bid[Pie: a164, ])
137,2,0.7569060773480663,RandomParty2@4,(Offer  bid:Bid[Pie: a130, ])
137,3,0.7569060773480663,BoulwareNegotiationParty@5,(Offer  bid:Bid[Price: $3.47, Delivery: 45 days, Payment: 60 days after delivery, Returns: Full price, ])
138,1,0.7624309392265194,RandomParty@3,(Offer  bid:Bid[Pie: a975, ])
138,2,0.7624309392265194,RandomParty2@4,(Offer  bid:Bid[Pie: a840, ])
138,3,0.7624309392265194,BoulwareNegotiationParty@5,(Offer  bid:Bid[Price: $3.47, Delivery: 30 days, Payment: Upon delivery, Returns: 10% spoilage allowed, ])
139,1,0.7679558011049724,RandomParty@3,(Offer  bid:Bid[Pie: a306, ])
139,2,0.7679558011049724,RandomParty2@4,(Offer  bid:Bid[Pie: a647, ])
139,3,0.7679558011049724,BoulwareNegotiationParty@5,(Offer  bid:Bid[Price: $3.47, Delivery: 20 days, Payment: 30 days after delivery, Returns: 5% spoilage allowed, ])
140,1,0.7734806629834254,RandomParty@3,(Offer  bid:Bid[Pie: a575, ])
140,2,0.7734806629834254,RandomParty2@4,(Offer  bid:Bid[Pie: a879, ])
140,3,0.7734806629834254,BoulwareNegotiationParty@5,(Offer  bid:Bid[Price: $3.47, Delivery: 60 days, Payment: Upon delivery, Returns: 5% spoilage allowed, ])
141,1,0.7790055248618785,RandomParty@3,(Offer  bid:Bid[Pie: a178, ])
141,2,0.7790055248618785,RandomParty2@4,(Offer  bid:Bid[Pie: a764, ])
141,3,0.7790055248618785,BoulwareNegotiationParty@5,(Offer  bid:Bid[Price: $3.71, Delivery: 30 days, Payment: 60 days after delivery, Returns: Full price, ])
142,1,0.7845303867403315,RandomParty@3,(Offer  bid:Bid[Pie: a646, ])
142,2,0.7845303867403315,RandomParty2@4,(Offer  bid:Bid[Pie: a356, ])
142,3,0.7845303867403315,BoulwareNegotiationParty@5,(Offer  bid:Bid[Price: $3.47, Delivery: 30 days, Payment: 30 days after delivery, Returns: 5% spoilage allowed, ])
143,1,0.7900552486187845,RandomParty@3,(Offer  bid:Bid[Pie: a754, ])
143,2,0.7900552486187845,RandomParty2@4,(Offer  bid:Bid[Pie: a27, ])
143,3,0.7900552486187845,BoulwareNegotiationParty@5,(Offer  bid:Bid[Price: $3.98, Delivery: 60 days, Payment: Upon delivery, Returns: Full price, ])
144,1,0.7955801104972375,RandomParty@3,(Offer  bid:Bid[Pie: a754, ])
144,2,0.7955801104972375,RandomParty2@4,(Offer  bid:Bid[Pie: a149, ])
144,3,0.7955801104972375,BoulwareNegotiationParty@5,(Offer  bid:Bid[Price: $3.71, Delivery: 60 days, Payment: 30 days after delivery, Returns: Full price, ])
145,1,0.8011049723756906,RandomParty@3,(Offer  bid:Bid[Pie: a201, ])
145,2,0.8011049723756906,RandomParty2@4,(Offer  bid:Bid[Pie: a152, ])
145,3,0.8011049723756906,BoulwareNegotiationParty@5,(Offer  bid:Bid[Price: $3.71, Delivery: 45 days, Payment: 60 days after delivery, Returns: Full price, ])
146,1,0.8066298342541437,RandomParty@3,(Offer  bid:Bid[Pie: a507, ])
146,2,0.8066298342541437,RandomParty2@4,(Offer  bid:Bid[Pie: a191, ])
146,3,0.8066298342541437,BoulwareNegotiationParty@5,(Offer  bid:Bid[Price: $3.47, Delivery: 45 days, Payment: 30 days after delivery, Returns: 5% spoilage allowed, ])
147,1,0.8121546961325967,RandomParty@3,(Offer  bid:Bid[Pie: a701, ])
147,2,0.8121546961325967,RandomParty2@4,(Offer  bid:Bid[Pie: a174, ])
147,3,0.8121546961325967,BoulwareNegotiationParty@5,(Offer  bid:Bid[Price: $3.98, Delivery: 20 days, Payment: 60 days after delivery, Returns: Full price, ])
148,1,0.8176795580110497,RandomParty@3,(Offer  bid:Bid[Pie: a387, ])
148,2,0.8176795580110497,RandomParty2@4,(Offer  bid:Bid[Pie: a869, ])
148,3,0.8176795580110497,BoulwareNegotiationParty@5,(Offer  bid:Bid[Price: $4.12, Delivery: 20 days, Payment: Upon delivery, Returns: Full price, ])
149,1,0.8232044198895028,RandomParty@3,(Offer  bid:Bid[Pie: a923, ])
149,2,0.8232044198895028,RandomParty2@4,(Offer  bid:Bid[Pie: a877, ])
149,3,0.8232044198895028,BoulwareNegotiationParty@5,(Offer  bid:Bid[Price: $3.71, Delivery: 60 days, Payment: 60 days after delivery, Returns: Full price, ])
150,1,0.8287292817679558,RandomParty@3,(Offer  bid:Bid[Pie: a770, ])
150,2,0.8287292817679558,RandomParty2@4,(Offer  bid:Bid[Pie: a645, ])
150,3,0.8287292817679558,BoulwareNegotiationParty@5,(Offer  bid:Bid[Price: $3.71, Delivery: 45 days, Payment: Upon delivery, Returns: 10% spoilage allowed, ])
151,1,0.8342541436464088,RandomParty@3,(Offer  bid:Bid[Pie: a593, ])
151,2,0.8342541436464088,RandomParty2@4,(Offer  bid:Bid[Pie: a555, ])
151,3,0.8342541436464088,BoulwareNegotiationParty@5,(Offer  bid:Bid[Price: $3.47, Delivery: 45 days, Payment: 60 days after delivery, Returns: 5% spoilage allowed, ])
152,1,0.8397790055248618,RandomParty@3,(Offer  bid:Bid[Pie: a655, ])
152,2,0.8397790055248618,RandomParty2@4,(Offer  bid:Bid[Pie: a154, ])
152,3,0.8397790055248618,BoulwareNegotiationParty@5,(Offer  bid:Bid[Price: $3.71, Delivery: 20 days, Payment: 30 days after delivery, Returns: 10% spoilage allowed, ])
153,1,0.8453038674033149,RandomParty@3,(Offer  bid:Bid[Pie: a889, ])
153,2,0.8453038674033149,RandomParty2@4,(Offer  bid:Bid[Pie: a718, ])
153,3,0.8453038674033149,BoulwareNegotiationParty@5,(Offer  bid:Bid[Price: $3.71, Delivery: 60 days, Payment: Upon delivery, Returns: 10% spoilage allowed, ])
154,1,0.850828729281768,RandomParty@3,(Offer  bid:Bid[Pie: a842, ])
154,2,0.850828729281768,RandomParty2@4,(Offer  bid:Bid[Pie: a385, ])
154,3,0.850828729281768,BoulwareNegotiationParty@5,(Offer  bid:Bid[Price: $3.98, Delivery: 20 days, Payment: 30 days after delivery, Returns: 5% spoilage allowed, ])
155,1,0.856353591160221,RandomParty@3,(Offer  bid:Bid[Pie: a473, ])
155,2,0.856353591160221,RandomParty2@4,(Offer  bid:Bid[Pie: a238, ])
155,3,0.856353591160221,BoulwareNegotiationParty@5,(Offer  bid:Bid[Price: $3.98, Delivery: 60 days, Payment: Upon delivery, Returns: 5% spoilage allowed, ])
156,1,0.861878453038674,RandomParty@3,(Offer  bid:Bid[Pie: a465, ])
156,2,0.861878453038674,RandomParty2@4,(Offer  bid:Bid[Pie: a608, ])
156,3,0.861878453038674,BoulwareNegotiationParty@5,(Offer  bid:Bid[Price: $3.98, Delivery: 30 days, Payment: 30 days after delivery, Returns: 5% spoilage allowed, ])
157,1,0.8674033149171271,RandomParty@3,(Offer  bid:Bid[Pie: a482, ])
157,2,0.8674033149171271,RandomParty2@4,(Offer  bid:Bid[Pie: a428, ])
157,3,0.8674033149171271,BoulwareNegotiationParty@5,(Offer  bid:Bid[Price: $3.71, Delivery: 45 days, Payment: 60 days after delivery, Returns: 5% spoilage allowed, ])
158,1,0.8729281767955801,RandomParty@3,(Offer  bid:Bid[Pie: a129, ])
158,2,0.8729281767955801,RandomParty2@4,(Offer  bid:Bid[Pie: a466, ])
158,3,0.8729281767955801,BoulwareNegotiationParty@5,(Offer  bid:Bid[Price: $3.98, Delivery: 20 days, Payment: 60 days after delivery, Returns: 5% spoilage allowed, ])
159,1,0.8784530386740331,RandomParty@3,(Offer  bid:Bid[Pie: a860, ])
159,2,0.8784530386740331,RandomParty2@4,(Offer  bid:Bid[Pie: a540, ])
159,3,0.8784530386740331,BoulwareNegotiationParty@5,(Offer  bid:Bid[Price: $3.98, Delivery: 45 days, Payment: 30 days after delivery, Returns: 5% spoilage allowed, ])
160,1,0.8839779005524862,RandomParty@3,(Offer  bid:Bid[Pie: a381, ])
160,2,0.8839779005524862,RandomParty2@4,(Offer  bid:Bid[Pie: a558, ])
160,3,0.8839779005524862,BoulwareNegotiationParty@5,(Offer  bid:Bid[Price: $3.71, Delivery: 60 days, Payment: 30 days after delivery, Returns: 10% spoilage allowed, ])
161,1,0.8895027624309392,RandomParty@3,(Offer  bid:Bid[Pie: a980, ])
161,2,0.8895027624309392,RandomParty2@4,(Offer  bid:Bid[Pie: a288, ])
161,3,0.8895027624309392,BoulwareNegotiationParty@5,(Offer  bid:Bid[Price: $3.71, Delivery: 45 days, Payment: 60 days after delivery, Returns: 10% spoilage allowed, ])
162,1,0.8950276243093923,RandomParty@3,(Offer  bid:Bid[Pie: a991, ])
162,2,0.8950276243093923,RandomParty2@4,(Offer  bid:Bid[Pie: a831, ])
162,3,0.8950276243093923,BoulwareNegotiationParty@5,(Offer  bid:Bid[Price: $3.98, Delivery: 20 days, Payment: 60 days after delivery, Returns: 10% spoilage allowed, ])
163,1,0.9005524861878453,RandomParty@3,(Accept  bid:Bid[Price: $3.98, Delivery: 20 days, Payment: 60 days after delivery, Returns: 10% spoilage allowed, ])
163,2,0.9005524861878453,RandomParty2@4,(Accept  bid:Bid[Price: $3.98, Delivery: 20 days, Payment: 60 days after delivery, Returns: 10% spoilage allowed, ])
agreement,Bid[Price: $3.98, Delivery: 20 days, Payment: 60 days after delivery, Returns: 10% spoilage allowed, ],0.0,0.0,0.43919166731709897
